{"type": "block", "layer": 2, "block": 0, "features": [{"geom": {"triangles": {"v": [-8702.942133254837, 9512.746071996167, 0.0, -8340.442133254837, -2198.7539280038327, 0.0, 6159.307866745163, 9735.746071996167, 0.0, 6605.307866745163, -2393.7539280038327, 0.0], "f": [0, 1, 2, 2, 1, 3]}, "centroids": [[-1025.981017571874, 3659.357965023257, 0.0]]}, "mtl": {"idx": 0}}], "featureCount": 1, "startIndex": 0}