{"type": "block", "layer": 3, "block": 11, "features": [{"geom": {"lines": [[1916.026740158908, 2359.2818736182526, 169.3179473876953, 1824.611174319405, 2390.119341037236, 169.0297393798828, 1798.5512815257534, 2398.916074372828, 168.85601806640625, 1737.41461718129, 2419.5267225364223, 168.47262573242188, 1733.1176848364994, 2420.976523043588, 168.4456787109375, 1711.176613201853, 2428.970022605732, 168.30809020996094, 1638.8189441859722, 2455.8305925596505, 167.8543243408203, 1546.657537757419, 2490.0382803026587, 167.27638244628906, 1520.8648117408156, 2499.6188109768555, 167.1146240234375, 1481.0013020881452, 2514.4108601221815, 166.86463928222656, 1435.9837000109255, 2531.1229708027095, 166.58233642578125, 1398.4245038176887, 2546.2481477586553, 166.3468017578125, 1351.1137202302925, 2565.3113985816017, 166.05010986328125, 1310.9051201553084, 2581.4946267222986, 165.79795837402344, 1275.4053345425054, 2597.9129968266934, 165.57533264160156, 1248.9001637841575, 2609.9231153568253, 165.40911865234375, 1231.0556494095363, 2618.073548976332, 165.29721069335938, 1211.619266317226, 2627.9873091112822, 165.17532348632812, 1198.494698352646, 2636.353278618306, 165.093017578125, 1187.6076521533541, 2644.1706681186333, 165.02474975585938, 1177.143620019313, 2653.183207154274, 164.94891357421875, 1166.9133588150144, 2664.0570453759283, 164.86871337890625, 1156.2712154951878, 2676.047673857771, 164.78529357910156, 1139.7847989089787, 2694.6410216987133, 164.6560516357422, 1124.7677996000275, 2711.5494473455474, 164.53834533691406, 1103.3276656735688, 2735.707204066217, 164.37026977539062, 1083.857886733953, 2757.631462082267, 164.2176513671875, 1072.1693402011879, 2770.817395115271, 164.12603759765625, 1050.4509075465612, 2795.2888221088797, 163.95578002929688, 898.3884831229225, 2970.470444892533, 162.7637939453125, 893.3791060373187, 2976.2700607897714, 162.72451782226562, 878.2841830858961, 2993.727714573033, 162.606201171875, 814.7096218941733, 3065.282953311689, 162.41024780273438, 774.5010218191892, 3111.406258555129, 162.55970764160156, 752.9495684024878, 3136.1530728526413, 162.6588134765625, 724.6744177406654, 3170.2657943787053, 162.82569885253906, 709.9913769047707, 3187.9981988817453, 162.92190551757812, 691.4121538912877, 3210.41358373221, 163.05255126953125, 683.3414908088744, 3220.1517562698573, 163.1125030517578, 660.8994814651087, 3246.564406555146, 163.28195190429688, 613.2436074567959, 3304.7391740810126, 163.7144775390625, 569.9069296903908, 3359.602945365943, 164.19091796875, 510.54024524986744, 3431.161562100984, 164.9334716796875, 501.77940132515505, 3441.566224316135, 165.04281616210938, 471.40031228773296, 3477.6005579074845, 165.4041290283203, 462.08287090808153, 3489.0633908305317, 165.5142822265625, 449.0807543830015, 3505.581656808965, 165.66954040527344, 441.8449874818325, 3516.319528308697, 165.7710418701172, 432.3383029685356, 3532.5635264255106, 165.92530822753906, 428.35306519828737, 3540.518983037211, 166.00155639648438, 426.02648784033954, 3546.867678408511, 166.06455993652344, 423.9670772603713, 3552.5109675480053, 166.1202850341797, 417.6552621326409, 3570.930064865388, 166.30160522460938, 410.7089259070344, 3595.1100952401757, 166.5403594970703, 399.4211295405403, 3635.887124476023, 166.9354705810547, 394.6121275383048, 3649.407666874118, 167.05923461914062, 389.94784087408334, 3661.2038695095107, 167.16378784179688, 384.54884557053447, 3671.079773896374, 167.24241638183594, 378.0366553599015, 3679.6036300621927, 167.25816345214844, 374.0959453852847, 3684.9138992186636, 167.26824951171875, 369.7099574483, 3689.7538894023746, 167.27346801757812, 363.2422950323671, 3695.3384972205386, 167.27243041992188, 356.27369490871206, 3699.7474009683356, 167.26234436035156, 350.85243570804596, 3703.0197889292613, 167.25344848632812]]}, "mtl": {"idx": 0}}, {"geom": {"lines": [[-435.24128047795966, 608.6633194107562, 163.47860717773438, -368.87260006694123, 587.1956460084766, 165.25784301757812, -305.487282008864, 596.6758886119351, 166.8459014892578, -93.36799230286852, 685.5243456056342, 171.05715942382812, -62.74400038598105, 714.3572207018733, 170.49488830566406]]}, "mtl": {"idx": 0}}, {"geom": {"lines": [[-2378.256200580392, 3383.4296184210107, 181.94715881347656, -2353.1981832026504, 3275.348027794622, 183.27377319335938]]}, "mtl": {"idx": 0}}, {"geom": {"lines": [[-2493.0599914356135, 3541.4399354374036, 183.17300415039062, -2416.0714316023514, 3554.78396016825, 180.40557861328125]]}, "mtl": {"idx": 0}}, {"geom": {"lines": [[-2262.138839733321, 3839.461961088702, 170.7644805908203, -2285.070654836949, 3822.433501938358, 171.819091796875]]}, "mtl": {"idx": 0}}, {"geom": {"lines": [[-2226.3273595450446, 3864.505033424124, 169.15530395507812, -2259.7120748343877, 3846.477148465812, 170.6013641357422, -2262.138839733321, 3839.461961088702, 170.7644805908203]]}, "mtl": {"idx": 0}}, {"geom": {"lines": [[-2285.070654836949, 3822.433501938358, 171.819091796875, -2305.776080125477, 3821.434134383686, 172.62754821777344, -2318.455370126292, 3820.8266757344827, 173.12286376953125, -2337.045725089498, 3818.5340096559376, 173.86514282226562]]}, "mtl": {"idx": 0}}, {"geom": {"lines": [[-2848.714632571209, 4627.51492398046, 172.5643768310547, -2850.6070639141835, 4626.084308127873, 172.63150024414062]]}, "mtl": {"idx": 0}}, {"geom": {"lines": [[-2446.873534705024, 3364.0116581302136, 183.87591552734375, -2540.9941641706973, 3346.0633142851293, 186.21286010742188, -2551.079710036516, 3338.539130102843, 186.4899444580078, -2597.1214514290914, 3304.1709441971034, 187.64605712890625, -2650.4434875189327, 3264.3949557840824, 188.5808563232422]]}, "mtl": {"idx": 0}}, {"geom": {"lines": [[-2426.6133873807266, 3239.040318965912, 185.12753295898438, -2546.5490067615174, 3266.6678639100865, 186.8961944580078, -2569.391766272951, 3274.7014238275588, 187.2595672607422, -2597.1214514290914, 3304.1709441971034, 187.64605712890625, -2638.554565901868, 3348.2186808912084, 188.39552307128906, -2551.079710036516, 3338.539130102843, 186.4899444580078]]}, "mtl": {"idx": 0}}, {"geom": {"lines": [[-5211.147998135071, -1249.6568167209625, 193.05352783203125, -5177.685359202325, -1281.5372655242682, 193.38365173339844, -5142.018594352528, -1315.5324891041964, 194.19497680664062, -5139.001836150885, -1318.7244292814285, 194.26454162597656, -5019.288855752908, -1445.578509433195, 197.1281280517578, -4993.74103261577, -1470.8394168112427, 197.7289276123047, -4890.881823122036, -1572.5480048144236, 200.1478271484375, -4740.511454958934, -1726.3615960879251, 203.6840057373047]]}, "mtl": {"idx": 0}}, {"geom": {"lines": [[689.0076528908685, -622.6545408079401, 171.6020965576172, 795.4847458335571, -402.2311304239556, 171.2886199951172, 797.6666078539565, -370.8366865571588, 171.0132598876953, 785.0095817502588, -351.1930615697056, 170.67686462402344, 624.1083897575736, -145.60769074223936, 167.61375427246094]]}, "mtl": {"idx": 0}}, {"geom": {"lines": [[722.8599100401625, -287.15018976386636, 169.431884765625, 786.8574852980673, -365.99922819435596, 170.8380126953125, 789.6850003632717, -388.4434427237138, 171.08465576171875, 788.6163332522847, -402.3290542541072, 171.2029571533203, 681.9388652252965, -619.2077191881835, 171.45693969726562, 676.784772801213, -621.5578250028193, 171.3870849609375]]}, "mtl": {"idx": 0}}, {"geom": {"lines": [[346.1770170945674, -851.1793119264767, 169.3632049560547, 464.60982334939763, -558.8880927721038, 169.05123901367188, 478.30212071724236, -525.1049800757319, 168.9134979248047]]}, "mtl": {"idx": 0}}, {"geom": {"lines": [[467.51526205893606, -245.12054353393614, 168.11351013183594, 343.137994996272, -363.511950857006, 169.26905822753906, 319.84995752200484, -396.943241734989, 169.4097442626953, 293.35591871244833, -463.5899602519348, 169.5027618408203, 399.74395606387407, -492.20302446279675, 169.09239196777344, 456.8508548405953, -419.7007222333923, 168.68748474121094, 530.4330382547341, -327.5344720799476, 167.90138244628906]]},