{"type": "block", "layer": 3, "block": 7, "features": [{"geom": {"lines": [[-141.09065800579265, 4087.4664075411856, 166.17462158203125, -147.02398686576635, 4087.3684269739315, 166.1585235595703, -178.97268072376028, 4086.8785241544247, 166.07186889648438, -195.57041679974645, 4086.6237746998668, 166.0267791748047, -206.7580256247893, 4089.4064230369404, 166.00729370117188, -215.37415421241894, 4089.2104618549347, 165.98373413085938, -317.52091896440834, 4087.642772566527, 165.70652770996094, -320.036739456933, 4087.603580337949, 165.69967651367188, -381.8747165920213, 4086.956908603199, 165.53244018554688, -405.9976502461359, 4086.7021591467783, 165.4670867919922, -467.23450213251635, 4086.0750835947692, 165.30101013183594, -619.9537115511484, 4086.1142758149654, 164.89434814453125, -626.6440129484981, 4084.1350689334795, 164.86512756347656, -665.2496123551391, 4084.8993170754984, 164.76644897460938, -680.6450979323126, 4084.6837599007413, 164.7240447998047, -695.1277636843733, 4084.4682027297094, 164.68405151367188, -731.0394314136356, 4083.9391078837216, 164.58657836914062, -824.8594982544892, 4083.9587039882317, 164.48284912109375, -895.3247359269299, 4083.7039546296, 164.40306091308594, -990.2802615733817, 4083.3708208668977, 164.29531860351562, -996.6588683961891, 4083.410013073124, 164.28854370117188, -1047.9214939055964, 4083.801935150288, 164.23472595214844, -1053.5319962422363, 4083.6451663179323, 164.22727966308594, -1141.6302412562072, 4084.017492301762, 164.13272094726562, -1324.0383588694967, 4088.23065601103, 163.9695587158203, -1328.5913260434754, 4088.9165200879797, 163.97093200683594, -1396.3515000892803, 4091.6011886289343, 163.7478790283203, -1420.5857532350346, 4121.250181141309, 163.8136749267578]]}, "mtl": {"idx": 0}}, {"geom": {"lines": [[2328.1092311777174, 7397.56491450686, 195.92425537109375, 2294.4573491103947, 7410.36665440537, 195.34228515625, 2253.469512601383, 7466.416175053455, 195.0842742919922, 2244.20773096662, 7510.173900062218, 195.19638061523438, 2264.6014616796747, 7578.673272241838, 195.2034149169922, 2266.738795903977, 7592.769239928573, 195.1499786376953, 2259.6811401871964, 7637.56674837321, 194.61102294921875, 2260.972446280066, 7651.407956529409, 194.5370330810547, 2272.8168401010334, 7692.049493902363, 194.53439331054688, 2274.408708819188, 7710.556854113936, 194.43186950683594, 2272.8391039986163, 7719.143970580772, 194.32278442382812, 2250.9759560064413, 7754.198325565085, 193.46554565429688, 2222.589485854376, 7799.722170934081, 192.35243225097656, 2179.03016910702, 7869.557289071381, 190.64453125, 2175.3343620128, 7881.5167632186785, 190.45236206054688, 2175.924355314113, 7889.123782609589, 190.40850830078125, 2180.711093418766, 7894.652600359172, 190.49278259277344, 2206.1921248612925, 7916.316977428272, 191.00222778320312, 2264.200711512938, 7965.625717584044, 192.16209411621094, 2347.5456142704934, 8034.893754163757, 193.8408966064453]]}, "mtl": {"idx": 0}}, {"geom": {"lines": [[1805.052339787595, 7576.771592888981, 183.43341064453125, 1987.215554521419, 7466.180919134989, 188.35272216796875, 2020.7895129448734, 7450.37957964465, 189.15171813964844, 2020.4444225230254, 7426.3247487666085, 189.06822204589844, 2021.8581800567918, 7404.975413739681, 189.03399658203125, 2017.3720045774244, 7393.683227261528, 188.8975830078125, 1982.9742819219828, 7336.8304550703615, 188.0327606201172, 1894.1190643711016, 7189.936585663818, 186.5100555419922, 1895.031884195283, 7175.527687994763, 186.54930114746094, 1975.5604038359597, 7120.9113477105275, 187.5907745361328, 1987.0708391838707, 7119.676309292205, 187.72328186035156, 1998.9152330043726, 7126.4788249358535, 187.8767852783203, 2012.362627491355, 7145.631761292927, 188.09075927734375, 2064.5826006229036, 7219.969911558554, 189.11338806152344, 2085.443873197306, 7249.670083959587, 189.60720825195312, 2089.852125032805, 7255.943402261473, 189.7177734375, 2106.3719374663197, 7279.468391134404, 190.15155029296875, 2145.712245513685, 7335.477756259032, 191.30740356445312, 2244.341314355377, 7386.939290407114, 193.90655517578125, 2253.347061160486, 7391.644362013787, 194.163818359375, 2273.7741877217777, 7403.975584062748, 194.78140258789062, 2294.4573491103947, 7410.36665440537, 195.34228515625]]}, "mtl": {"idx": 0}}, {"geom": {"lines": [[-136.43750329082832, 3864.6813933756202, 165.44046020507812, -172.4493585624732, 3864.6813933756202, 165.30535888671875]]}, "mtl": {"idx": 0}}, {"geom": {"lines": [[-485.79146124748513, 5132.969994755462, 168.00006103515625, -528.282110882923, 5118.3885328918695, 167.71446228027344]]}, "mtl": {"idx": 0}}, {"geom": {"lines": [[-468.2029817015864, 4133.360641641542, 165.53392028808594, -467.23450213251635, 4086.0750835947692, 165.30101013183594]]}, "mtl": {"idx": 0}}, {"geom": {"lines": [[-155.9184141792357, 4171.259842575528, 166.4240264892578, -197.64095932943746, 4203.750618434511, 166.44895935058594, -214.2164315083064, 4216.664661868475, 166.46258544921875]]}, "mtl": {"idx": 0}}, {"geom": {"lines": [[-309.00497791823, 4180.587699147873, 166.11936950683594, -317.4207314224914, 4200.928736237809, 166.18710327148438]]}, "mtl": {"idx": 0}}, {"geom": {"lines": [[-136.43750329082832, 3864.6813933756202, 165.44046020507812, -104.38862189184874, 3864.6813933756202, 165.56068420410156]]}, "mtl": {"idx": 0}}, {"geom": {"lines": [[2273.7741877217777, 7403.975584062748, 194.78140258789062, 2098.9691913286224, 7436.048615988344, 190.99002075195312, 2051.469164607115, 7444.753055867739, 189.88360595703125, 2020.7895129448734, 7450.37957964465, 189.15171813964844]]}, "mtl": {"idx": 0}}, {"geom": {"lines": [[-320.036739456933, 4087.603580337949, 165.69967651367188, -319.3242947156541, 4093.521609030664, 165.72671508789062, -318.8344889553264, 4097.695585627109, 165.7457275390625, -309.00497791823, 4180.587699147873, 166.11936950683594]]}, "mtl": {"idx": 0}}, {"geom": {"lines": [[-1250.3003281680867, 4797.622910896316, 165.3759307861328, -1247.1054587829858, 4807.774634629488, 165.3668670654297]]}, "mtl": {"idx": 0}}, {"geom": {"lines": [[-215.37415421241894, 4089.2104618549347, 165.98373413085938, -224.01254669809714, 4098.126700707711, 165.99456787109375, -258.93347095977515, 4133.47821902018, 166.0433349609375, -306.42236573202536, 4181.567516666837, 166.129150390625]]}, "mtl": {"idx": 0}}, {"geom": {"lines": [[-326.12591560324654, 4222.719964301214, 166.26214599609375, -329.25399329373613, 4230.617339956574, 166.28985595703125, -332.5824460685253, 4239.024232564494, 166.31961059570312]]}, "mtl": {"idx": 0}}, {"geom": {"lines": [[1683.268816859927, 7455.02587587852, 184.02894592285156, 1802.2804844668135, 7380.979537146166, 184.49729919433594]]}, "mtl": {"idx": 0}}, {"geom": {"lines": [[1656.4519515275024, 7410.817558340728, 183.98507690429688, 1773.0034583881497, 7336.085490477271, 184.54026794433594]]}, "mtl": {"idx": 0}}, {"geom": {"lines": [[-317.4207314224914, 4200.928736237809, 166.18710327148438, -326.12591560324654, 4222.719964301214, 166.26214599609375]]}, "mtl": {"idx": 0}}, {"geom": {"lines": [[-730.7388687892817, 4121.975240541622, 164.8253936767578, -745.5554930134676, 4122.465145580471, 164.8148651123047, -973.5712060052902, 4130.068475749344, 164.662353515625, -988.9666915824637, 4130.577977523208, 164.6526336669922]]}, "mtl": {"idx": 0}}, {"geom": {"lines": [[-111.26816642237827, 3940.6341187655926, 165.77999877929688, -110.92307600099593, 3924.212904027663, 165.7281951904297]]}, "mtl": {"idx": 0}}, {"geom": {"lines": [[-1247.1054587829858, 4807.774634629488, 165.3668670654297, -1239.9476155242883, 4830.527870689519, 165.34713745117188]]}, "mtl": {"idx": 0}}, {"geom": {"lines": [[-862.0624720775522, 4983.295729093254, 165.950439453125, -808.5177970067598, 4850.53744701203, 165.89549255371094, -794.3913536244072, 4803.776656899601, 165.9216766357422]]}, "mtl": {"idx": 0}}, {"geom": {"lines": [[-1258.3598593017086, 4771.988887754269, 165.3995361328125, -1250.3003281680867, 4797.622910896316, 165.3759307861328]]},